Triplet_ID,Anchor,Positive,Negative,Hardness Score
1,Sha_wind2_b100_m1.3_1.avi,Silk_wind1_b100_m0.7_1.avi,Sweater_wind2_b0.001_m1.7_1.avi,5
2,Cotton_wind3_b1_m1.7_1.avi,Cotton_wind1_b1_m0.3_1.avi,Sweater_wind3_b100_m1_1.avi,7
3,Cotton_wind2_b10_m1.7_1.avi,FeltGreen_wind2_b10_m0.5_1.avi,Fleece_wind2_b0.001_m0.3_1.avi,4
4,Sha_wind2_b0.001_m1.3_1.avi,FeltGreen_wind3_b0.001_m1.7_1.avi,FeltGreen_wind2_b10_m0.7_1.avi,6
5,FeltGreen_wind1_b0.1_m1.7_1.avi,Cotton_wind1_b0.1_m0.7_1.avi,Sha_wind1_b100_m1_1.avi,6
6,Fleece_wind1_b10_m1_1.avi,Fleece_wind2_b10_m0.1_1.avi,Fleece_wind1_b1_m0.1_1.avi,5
7,FeltGreen_wind2_b0.1_m1.3_1.avi,Fleece_wind3_b0.1_m1.3_1.avi,Fleece_wind2_b1_m0.1_1.avi,3
8,Bro_wind1_b0.001_m0.3_1.avi,Bro_wind1_b0.001_m0.7_1.avi,Sweater_wind2_b1_m0.5_1.avi,5
9,Sweater_wind3_b10_m1.3_1.avi,FeltGreen_wind2_b10_m0.5_1.avi,Silk_wind2_b100_m0.5_1.avi,3
10,Cotton_wind1_b0.01_m0.1_1.avi,Cotton_wind1_b0.01_m0.3_1.avi,Sha_wind1_b100_m1_1.avi,3
11,Sha_wind2_b0.1_m0.1_1.avi,FeltGreen_wind2_b0.1_m1.7_1.avi,Sha_wind2_b0.01_m0.7_1.avi,7
12,Fleece_wind2_b1_m0.3_1.avi,Cotton_wind1_b1_m0.7_1.avi,Sweater_wind3_b100_m1.3_1.avi,7
13,Sha_wind1_b1_m0.7_1.avi,Sha_wind3_b1_m0.3_1.avi,Cotton_wind1_b10_m1.7_1.avi,2
14,FeltGreen_wind1_b10_m0.7_1.avi,Fleece_wind3_b10_m1_1.avi,FeltGreen_wind1_b0.01_m1.7_1.avi,3
15,Fleece_wind3_b100_m0.1_1.avi,Sha_wind3_b100_m1.3_1.avi,Sweater_wind3_b10_m0.5_1.avi,7
16,Bro_wind2_b1_m1.3_1.avi,FeltGreen_wind2_b1_m0.7_1.avi,FeltGreen_wind3_b100_m0.3_1.avi,7
17,Bro_wind2_b0.01_m0.3_1.avi,Silk_wind2_b0.01_m1.3_1.avi,FeltGreen_wind2_b10_m1.3_1.avi,4
18,Sha_wind1_b0.1_m1_1.avi,FeltGreen_wind1_b0.1_m0.1_1.avi,Cotton_wind1_b100_m0.3_1.avi,6
19,Cotton_wind2_b10_m0.5_1.avi,Sweater_wind1_b10_m1.3_1.avi,Bro_wind2_b0.1_m0.1_1.avi,7
20,Bro_wind1_b0.01_m0.1_1.avi,Sha_wind3_b0.01_m0.1_1.avi,Fleece_wind2_b1_m0.7_1.avi,6
21,FeltGreen_wind1_b0.01_m1.3_1.avi,Silk_wind2_b0.01_m0.1_1.avi,Fleece_wind1_b10_m0.5_1.avi,7
22,Fleece_wind2_b0.1_m0.3_1.avi,Bro_wind1_b0.1_m0.5_1.avi,Sweater_wind2_b0.01_m0.1_1.avi,8
23,Silk_wind1_b1_m0.7_1.avi,FeltGreen_wind2_b1_m0.7_1.avi,FeltGreen_wind1_b100_m0.3_1.avi,7
24,Cotton_wind3_b0.001_m0.3_1.avi,Fleece_wind3_b0.001_m1_1.avi,Cotton_wind3_b100_m0.7_1.avi,4
25,Bro_wind2_b0.01_m0.3_1.avi,Sha_wind2_b0.01_m1.3_1.avi,Sha_wind3_b0.001_m1.7_1.avi,7
26,Sweater_wind1_b1_m0.5_1.avi,Fleece_wind3_b1_m1.7_1.avi,Fleece_wind3_b10_m0.7_1.avi,6
27,Bro_wind1_b1_m0.1_1.avi,Sha_wind1_b1_m0.7_1.avi,Cotton_wind2_b10_m1.3_1.avi,2
28,Sweater_wind3_b10_m0.5_1.avi,FeltGreen_wind3_b10_m1.7_1.avi,Bro_wind1_b0.001_m0.7_1.avi,5
29,Sha_wind3_b10_m0.7_1.avi,Bro_wind3_b10_m0.5_1.avi,Sha_wind3_b0.1_m0.7_1.avi,6
30,Sha_wind2_b0.1_m1.7_1.avi,FeltGreen_wind3_b0.1_m1_1.avi,Sweater_wind1_b1_m1.7_1.avi,4
31,FeltGreen_wind3_b100_m0.1_1.avi,Sweater_wind3_b100_m1_1.avi,Sha_wind2_b1_m0.7_1.avi,6
32,Bro_wind2_b0.01_m0.7_1.avi,Silk_wind3_b0.01_m0.3_1.avi,FeltGreen_wind1_b10_m1.7_1.avi,6
33,Bro_wind2_b0.01_m1_1.avi,Sha_wind3_b0.01_m0.1_1.avi,Fleece_wind1_b10_m0.7_1.avi,7
34,Sha_wind2_b100_m0.1_1.avi,Sweater_wind3_b100_m0.7_1.avi,Sha_wind1_b0.1_m1_1.avi,3
35,Sha_wind2_b0.1_m0.3_1.avi,FeltGreen_wind2_b0.1_m1_1.avi,Bro_wind2_b0.001_m0.5_1.avi,6
36,Bro_wind2_b0.01_m0.3_1.avi,Fleece_wind1_b0.01_m1.7_1.avi,Sweater_wind1_b100_m1.3_1.avi,7
37,FeltGreen_wind2_b10_m1.7_1.avi,Fleece_wind1_b10_m0.1_1.avi,Sweater_wind1_b0.01_m0.5_1.avi,5
38,Sweater_wind1_b1_m1.3_1.avi,FeltGreen_wind1_b1_m0.5_1.avi,Fleece_wind2_b10_m0.5_1.avi,1
39,Fleece_wind2_b0.1_m1_1.avi,Bro_wind1_b0.1_m0.3_1.avi,Sha_wind2_b0.001_m0.5_1.avi,7
40,Sweater_wind1_b100_m0.7_1.avi,Fleece_wind2_b100_m0.1_1.avi,Cotton_wind3_b10_m0.7_1.avi,8
41,Fleece_wind2_b100_m0.5_1.avi,Sweater_wind3_b100_m0.3_1.avi,Bro_wind3_b0.001_m0.3_1.avi,4
42,Bro_wind3_b10_m1.7_1.avi,Bro_wind2_b10_m1.7_1.avi,Sha_wind2_b1_m0.7_1.avi,6
43,Silk_wind3_b1_m1.3_1.avi,Bro_wind1_b1_m0.5_1.avi,Fleece_wind3_b100_m0.3_1.avi,7
44,Fleece_wind1_b0.01_m0.7_1.avi,Fleece_wind3_b0.01_m0.3_1.avi,Cotton_wind1_b0.1_m1_1.avi,3
45,Cotton_wind2_b0.1_m1.3_1.avi,Sweater_wind1_b0.1_m1.7_1.avi,Sweater_wind3_b100_m1.7_1.avi,6
46,Silk_wind3_b0.001_m0.3_1.avi,Sweater_wind2_b0.001_m1_1.avi,Sha_wind1_b1_m0.3_1.avi,7
47,Cotton_wind2_b0.001_m1.3_1.avi,Sha_wind1_b0.001_m0.7_1.avi,Cotton_wind1_b100_m0.3_1.avi,5
48,Fleece_wind2_b0.01_m1_1.avi,Silk_wind1_b0.01_m1.7_1.avi,Sha_wind3_b0.1_m1_1.avi,4
49,Fleece_wind1_b0.001_m0.3_1.avi,FeltGreen_wind1_b0.001_m1.3_1.avi,FeltGreen_wind3_b0.01_m1_1.avi,4
50,Sha_wind1_b1_m0.7_1.avi,Sweater_wind2_b1_m0.1_1.avi,Sweater_wind2_b0.01_m1.7_1.avi,8
51,Silk_wind2_b100_m0.5_1.avi,Silk_wind2_b100_m0.1_1.avi,Bro_wind2_b0.1_m0.7_1.avi,2
52,Sha_wind3_b0.001_m0.5_1.avi,Silk_wind2_b0.001_m1.7_1.avi,FeltGreen_wind2_b0.01_m0.3_1.avi,5
53,Fleece_wind2_b0.01_m0.1_1.avi,Bro_wind3_b0.01_m1_1.avi,Sweater_wind1_b100_m0.7_1.avi,6
54,Sha_wind2_b0.001_m1.3_1.avi,Sweater_wind1_b0.001_m1.7_1.avi,Bro_wind2_b0.1_m0.7_1.avi,7
55,Sha_wind3_b1_m1.3_1.avi,Sweater_wind3_b1_m0.3_1.avi,Sha_wind2_b0.1_m1.3_1.avi,7
56,Sweater_wind1_b100_m0.1_1.avi,Cotton_wind2_b100_m1.7_1.avi,Bro_wind1_b0.01_m0.5_1.avi,6
57,Sweater_wind2_b0.1_m1.3_1.avi,Sweater_wind2_b0.1_m1.3_1.avi,Sha_wind3_b0.01_m0.5_1.avi,4
58,Silk_wind1_b0.01_m1.7_1.avi,Bro_wind2_b0.01_m0.1_1.avi,Fleece_wind3_b10_m1.3_1.avi,7
59,Sha_wind3_b0.1_m0.5_1.avi,Bro_wind2_b0.1_m1.7_1.avi,Sha_wind2_b1_m1.7_1.avi,3
60,Cotton_wind2_b0.1_m1.7_1.avi,Bro_wind2_b0.1_m1.7_1.avi,Sha_wind3_b10_m1.7_1.avi,5
61,Fleece_wind2_b100_m1.3_1.avi,Silk_wind2_b100_m0.3_1.avi,Fleece_wind1_b1_m0.3_1.avi,4
62,Sweater_wind3_b0.001_m0.5_1.avi,Sweater_wind3_b0.001_m1.7_1.avi,Bro_wind1_b100_m0.7_1.avi,3
63,Sha_wind1_b1_m0.7_1.avi,FeltGreen_wind1_b1_m1.3_1.avi,FeltGreen_wind2_b0.1_m1.3_1.avi,6
64,Fleece_wind3_b100_m1.7_1.avi,Sweater_wind2_b100_m0.1_1.avi,Cotton_wind3_b10_m0.1_1.avi,6
65,Fleece_wind3_b0.1_m0.5_1.avi,Sweater_wind3_b0.1_m0.7_1.avi,Fleece_wind1_b0.01_m0.3_1.avi,6
66,Sweater_wind3_b100_m0.5_1.avi,FeltGreen_wind2_b100_m0.7_1.avi,Silk_wind1_b10_m1.7_1.avi,7
67,Bro_wind2_b0.001_m0.1_1.avi,Cotton_wind2_b0.001_m0.1_1.avi,Silk_wind3_b0.01_m1.3_1.avi,1
68,Sha_wind3_b1_m0.5_1.avi,Sha_wind1_b1_m1.3_1.avi,Cotton_wind2_b100_m1_1.avi,7
69,Silk_wind3_b1_m1.3_1.avi,FeltGreen_wind3_b1_m1.7_1.avi,FeltGreen_wind1_b0.1_m0.3_1.avi,7
70,Fleece_wind1_b0.1_m0.1_1.avi,Bro_wind2_b0.1_m1_1.avi,FeltGreen_wind2_b1_m0.7_1.avi,5
71,Fleece_wind1_b0.001_m1.7_1.avi,Cotton_wind1_b0.001_m0.1_1.avi,Sha_wind2_b0.01_m1.7_1.avi,3
72,Cotton_wind1_b0.1_m1.3_1.avi,FeltGreen_wind1_b0.1_m0.1_1.avi,Silk_wind3_b0.01_m0.7_1.avi,7
73,Sha_wind2_b1_m1.3_1.avi,Bro_wind1_b1_m1.7_1.avi,Silk_wind1_b10_m1.3_1.avi,5
74,FeltGreen_wind3_b10_m1_1.avi,Silk_wind3_b10_m1_1.avi,Cotton_wind1_b0.1_m0.7_1.avi,4
75,Sha_wind2_b10_m0.5_1.avi,FeltGreen_wind1_b10_m1.7_1.avi,Cotton_wind3_b0.1_m0.3_1.avi,7
76,Fleece_wind1_b1_m1.3_1.avi,Sha_wind1_b1_m0.7_1.avi,Sweater_wind3_b0.01_m1.3_1.avi,6
77,Sha_wind1_b10_m1.7_1.avi,FeltGreen_wind1_b10_m0.3_1.avi,Silk_wind2_b0.1_m0.3_1.avi,4
78,Silk_wind3_b1_m1_1.avi,Cotton_wind3_b1_m1_1.avi,Silk_wind2_b0.01_m1_1.avi,4
79,FeltGreen_wind2_b0.001_m1.7_1.avi,Sweater_wind1_b0.001_m0.5_1.avi,FeltGreen_wind2_b1_m1.7_1.avi,7
80,Bro_wind3_b10_m1.7_1.avi,Sha_wind3_b10_m1.7_1.avi,FeltGreen_wind2_b100_m1_1.avi,1
81,Fleece_wind2_b10_m1.7_1.avi,Sweater_wind2_b10_m1.3_1.avi,Sweater_wind1_b0.01_m0.5_1.avi,3
82,Bro_wind1_b0.1_m1.7_1.avi,Bro_wind1_b0.1_m0.7_1.avi,Sweater_wind1_b100_m0.7_1.avi,3
83,Cotton_wind3_b10_m0.3_1.avi,Fleece_wind3_b10_m0.5_1.avi,Sha_wind2_b100_m1_1.avi,2
84,Cotton_wind1_b10_m0.1_1.avi,FeltGreen_wind1_b10_m0.3_1.avi,Fleece_wind1_b0.1_m1.3_1.avi,5
85,Sha_wind1_b0.1_m0.1_1.avi,Sweater_wind2_b0.1_m0.1_1.avi,FeltGreen_wind2_b0.01_m1.7_1.avi,7
86,Silk_wind2_b10_m1.7_1.avi,Silk_wind1_b10_m0.5_1.avi,Silk_wind1_b0.01_m1.7_1.avi,4
87,Bro_wind2_b1_m0.3_1.avi,Bro_wind1_b1_m1.3_1.avi,Silk_wind3_b0.001_m1.7_1.avi,2
88,Cotton_wind1_b0.01_m0.5_1.avi,Sweater_wind2_b0.01_m0.7_1.avi,Sha_wind3_b0.1_m0.1_1.avi,3
89,Sha_wind3_b0.1_m1.3_1.avi,Cotton_wind3_b0.1_m1.7_1.avi,Fleece_wind1_b1_m0.5_1.avi,2
90,Silk_wind2_b10_m0.7_1.avi,Fleece_wind3_b10_m1_1.avi,Sha_wind3_b0.01_m0.5_1.avi,5
91,Bro_wind3_b100_m1.3_1.avi,Sweater_wind2_b100_m1.3_1.avi,Fleece_wind1_b10_m1_1.avi,6
92,Sweater_wind3_b0.01_m1_1.avi,Fleece_wind3_b0.01_m0.3_1.avi,FeltGreen_wind1_b10_m0.7_1.avi,6
93,Sweater_wind2_b1_m1.3_1.avi,FeltGreen_wind1_b1_m0.7_1.avi,FeltGreen_wind2_b100_m1.3_1.avi,9
94,Sha_wind3_b0.01_m1.7_1.avi,FeltGreen_wind2_b0.01_m0.5_1.avi,Sha_wind1_b0.1_m1.7_1.avi,4
95,Sweater_wind1_b10_m0.1_1.avi,Sha_wind2_b10_m0.3_1.avi,Cotton_wind2_b100_m0.1_1.avi,5
96,Cotton_wind3_b0.001_m1_1.avi,Silk_wind2_b0.001_m1.7_1.avi,Silk_wind1_b100_m0.3_1.avi,5
97,Silk_wind1_b10_m0.7_1.avi,Sha_wind2_b10_m1.7_1.avi,FeltGreen_wind1_b0.001_m0.1_1.avi,6
98,FeltGreen_wind1_b100_m1.3_1.avi,Silk_wind3_b100_m0.3_1.avi,Sha_wind1_b0.001_m0.3_1.avi,3
99,Fleece_wind1_b0.01_m0.7_1.avi,Bro_wind2_b0.01_m0.1_1.avi,Fleece_wind1_b0.001_m0.1_1.avi,6
100,Cotton_wind3_b0.01_m0.3_1.avi,Cotton_wind2_b0.01_m1.3_1.avi,Bro_wind1_b0.1_m0.7_1.avi,3
101,Silk_wind2_b1_m0.7_1.avi,Sha_wind1_b1_m0.7_1.avi,Cotton_wind2_b0.1_m0.7_1.avi,6
102,Fleece_wind1_b0.001_m0.1_1.avi,Bro_wind3_b0.001_m0.3_1.avi,Sha_wind3_b0.01_m0.1_1.avi,5
103,Silk_wind3_b100_m1.3_1.avi,Sha_wind1_b100_m1.3_1.avi,Fleece_wind2_b10_m1.7_1.avi,6
104,Sha_wind3_b100_m1.3_1.avi,Sweater_wind3_b100_m1.7_1.avi,Silk_wind2_b1_m0.3_1.avi,5
105,FeltGreen_wind2_b1_m1_1.avi,Sha_wind3_b1_m1_1.avi,Sha_wind3_b0.001_m1.7_1.avi,4
106,Bro_wind2_b0.001_m1.7_1.avi,FeltGreen_wind1_b0.001_m0.1_1.avi,Silk_wind1_b0.1_m1.7_1.avi,9
107,Cotton_wind3_b1_m0.3_1.avi,Bro_wind2_b1_m0.1_1.avi,Fleece_wind2_b0.01_m1_1.avi,7
108,Sweater_wind3_b0.1_m1.3_1.avi,FeltGreen_wind1_b0.1_m1.3_1.avi,Bro_wind3_b10_m0.7_1.avi,6
109,FeltGreen_wind3_b0.01_m1_1.avi,FeltGreen_wind1_b0.01_m0.3_1.avi,Cotton_wind2_b10_m0.3_1.avi,4
110,Sweater_wind2_b1_m0.3_1.avi,FeltGreen_wind1_b1_m0.5_1.avi,Fleece_wind3_b10_m1.3_1.avi,3
111,Cotton_wind2_b0.01_m0.1_1.avi,Silk_wind2_b0.01_m1.3_1.avi,Cotton_wind2_b100_m1.7_1.avi,4
112,Sha_wind3_b0.001_m1.3_1.avi,Fleece_wind1_b0.001_m0.1_1.avi,Silk_wind3_b0.01_m0.5_1.avi,4
113,FeltGreen_wind1_b10_m0.5_1.avi,FeltGreen_wind3_b10_m0.3_1.avi,Sweater_wind1_b0.1_m0.1_1.avi,5
114,Silk_wind1_b100_m1.3_1.avi,Fleece_wind1_b100_m1_1.avi,Cotton_wind3_b0.01_m1.3_1.avi,5
115,Bro_wind2_b0.01_m1.3_1.avi,FeltGreen_wind3_b0.01_m0.1_1.avi,FeltGreen_wind2_b100_m1.7_1.avi,7
116,Silk_wind2_b100_m1.7_1.avi,Bro_wind1_b100_m1_1.avi,Sweater_wind1_b1_m0.5_1.avi,7
117,Cotton_wind2_b0.1_m0.1_1.avi,Fleece_wind2_b0.1_m0.5_1.avi,Bro_wind2_b100_m1.7_1.avi,5
118,Cotton_wind3_b10_m1.7_1.avi,Silk_wind1_b10_m0.3_1.avi,Sha_wind2_b0.1_m0.7_1.avi,7
119,Cotton_wind2_b10_m1.7_1.avi,Sweater_wind2_b10_m0.3_1.avi,Bro_wind2_b0.1_m0.1_1.avi,5
120,Sweater_wind1_b100_m1_1.avi,Fleece_wind2_b100_m0.3_1.avi,FeltGreen_wind2_b1_m0.7_1.avi,8
121,Sweater_wind1_b0.001_m1.7_1.avi,Cotton_wind2_b0.001_m0.1_1.avi,Bro_wind3_b100_m1.7_1.avi,5
122,Cotton_wind3_b0.01_m0.3_1.avi,Sha_wind2_b0.01_m1_1.avi,Sweater_wind3_b0.1_m0.5_1.avi,4
123,FeltGreen_wind1_b0.001_m0.5_1.avi,FeltGreen_wind2_b0.001_m0.7_1.avi,Sweater_wind1_b1_m0.5_1.avi,6
124,Bro_wind2_b0.1_m0.7_1.avi,Sweater_wind3_b0.1_m0.3_1.avi,Bro_wind3_b100_m1.7_1.avi,7
125,Bro_wind1_b10_m1.7_1.avi,Silk_wind3_b10_m1.3_1.avi,Bro_wind3_b1_m0.1_1.avi,8
126,Sweater_wind2_b0.1_m1.7_1.avi,Cotton_wind3_b0.1_m1.3_1.avi,Cotton_wind1_b0.01_m1.7_1.avi,9
127,Sha_wind3_b100_m0.5_1.avi,Silk_wind1_b100_m1_1.avi,Cotton_wind1_b10_m0.5_1.avi,9
128,FeltGreen_wind2_b100_m0.7_1.avi,Bro_wind2_b100_m0.5_1.avi,Cotton_wind3_b0.1_m0.3_1.avi,2
129,Cotton_wind2_b0.001_m1_1.avi,Sha_wind3_b0.001_m0.7_1.avi,Bro_wind2_b100_m1.7_1.avi,4
130,Silk_wind3_b0.1_m0.5_1.avi,Sha_wind1_b0.1_m1_1.avi,Sha_wind2_b100_m1.7_1.avi,7
131,Bro_wind2_b0.001_m1.3_1.avi,Sha_wind2_b0.001_m1_1.avi,Sweater_wind1_b100_m1_1.avi,2
132,Silk_wind2_b100_m0.5_1.avi,Fleece_wind2_b100_m0.3_1.avi,FeltGreen_wind2_b0.001_m1.3_1.avi,3
133,Sha_wind2_b0.1_m0.7_1.avi,Bro_wind1_b0.1_m0.5_1.avi,Fleece_wind3_b10_m1.3_1.avi,7
134,Sweater_wind2_b100_m0.1_1.avi,Silk_wind1_b100_m1.7_1.avi,Cotton_wind1_b0.1_m0.3_1.avi,5
135,Sha_wind2_b1_m0.7_1.avi,Fleece_wind3_b1_m1.3_1.avi,FeltGreen_wind1_b0.01_m0.7_1.avi,7
136,Silk_wind3_b100_m1_1.avi,Bro_wind3_b100_m1.3_1.avi,FeltGreen_wind3_b0.001_m1.3_1.avi,2
137,Silk_wind2_b10_m1.3_1.avi,Bro_wind1_b10_m1.7_1.avi,Fleece_wind2_b0.1_m0.5_1.avi,6
138,Silk_wind1_b0.01_m0.1_1.avi,Silk_wind2_b0.01_m1.7_1.avi,Cotton_wind1_b10_m1.7_1.avi,4
139,Bro_wind2_b0.01_m0.5_1.avi,Sweater_wind3_b0.01_m0.7_1.avi,Silk_wind3_b100_m0.1_1.avi,6
140,Sha_wind1_b0.001_m1_1.avi,Bro_wind3_b0.001_m0.5_1.avi,Bro_wind3_b1_m1.3_1.avi,9
141,Sweater_wind3_b0.1_m1_1.avi,FeltGreen_wind2_b0.1_m1_1.avi,Sha_wind1_b10_m1.3_1.avi,6
142,FeltGreen_wind1_b0.001_m1.3_1.avi,FeltGreen_wind1_b0.001_m1_1.avi,FeltGreen_wind1_b0.01_m0.3_1.avi,1
143,Fleece_wind2_b10_m1.7_1.avi,Cotton_wind3_b10_m0.5_1.avi,Silk_wind1_b0.1_m1.3_1.avi,7
144,Silk_wind3_b0.01_m0.5_1.avi,Sweater_wind3_b0.01_m0.3_1.avi,Silk_wind2_b0.1_m0.7_1.avi,3
145,Silk_wind1_b10_m0.5_1.avi,FeltGreen_wind3_b10_m0.1_1.avi,FeltGreen_wind3_b0.01_m0.1_1.avi,4
146,Silk_wind2_b0.1_m1.3_1.avi,FeltGreen_wind1_b0.1_m0.3_1.avi,Bro_wind2_b0.001_m0.1_1.avi,6
147,Sha_wind3_b10_m1.7_1.avi,Bro_wind2_b10_m0.7_1.avi,Sweater_wind1_b1_m0.5_1.avi,7
148,Silk_wind2_b0.1_m0.3_1.avi,FeltGreen_wind1_b0.1_m1.7_1.avi,Bro_wind2_b100_m1_1.avi,7
149,Cotton_wind2_b10_m1.3_1.avi,Bro_wind2_b10_m0.1_1.avi,Bro_wind3_b0.1_m0.3_1.avi,7
150,Sweater_wind1_b0.01_m1.3_1.avi,Cotton_wind1_b0.01_m0.5_1.avi,Cotton_wind1_b1_m1.3_1.avi,8
151,FeltGreen_wind1_b0.1_m0.3_1.avi,Bro_wind2_b0.1_m0.5_1.avi,Silk_wind1_b0.01_m0.3_1.avi,8
152,Cotton_wind1_b0.01_m1_1.avi,Bro_wind1_b0.01_m0.5_1.avi,Bro_wind2_b100_m1.7_1.avi,5
153,FeltGreen_wind3_b0.01_m1_1.avi,Silk_wind1_b0.01_m1.7_1.avi,Sweater_wind2_b1_m0.1_1.avi,7
154,Sweater_wind3_b0.001_m0.3_1.avi,FeltGreen_wind2_b0.001_m0.7_1.avi,Bro_wind2_b1_m1.3_1.avi,7
155,Fleece_wind2_b0.001_m0.7_1.avi,Fleece_wind2_b0.001_m1_1.avi,Sha_wind2_b10_m0.3_1.avi,3
156,Fleece_wind2_b100_m0.5_1.avi,Fleece_wind3_b100_m0.7_1.avi,Cotton_wind3_b10_m0.7_1.avi,6
157,Fleece_wind3_b1_m1.3_1.avi,Cotton_wind2_b1_m1_1.avi,Fleece_wind1_b0.001_m0.5_1.avi,3
158,FeltGreen_wind3_b0.1_m1_1.avi,FeltGreen_wind2_b0.1_m1_1.avi,Bro_wind3_b0.01_m0.7_1.avi,5
159,Sha_wind2_b0.001_m0.5_1.avi,Bro_wind1_b0.001_m0.5_1.avi,Silk_wind3_b0.1_m0.1_1.avi,6
160,Sha_wind3_b10_m1_1.avi,Cotton_wind1_b10_m0.1_1.avi,Bro_wind2_b1_m0.5_1.avi,8
161,Bro_wind1_b100_m1_1.avi,Cotton_wind3_b100_m1.3_1.avi,Silk_wind2_b0.1_m1.3_1.avi,2
162,Sha_wind1_b10_m1.7_1.avi,Cotton_wind1_b10_m0.1_1.avi,FeltGreen_wind3_b0.001_m0.5_1.avi,5
163,Fleece_wind2_b1_m1_1.avi,Sweater_wind2_b1_m1.7_1.avi,Fleece_wind1_b0.1_m1.3_1.avi,7
164,Fleece_wind2_b100_m0.7_1.avi,Cotton_wind3_b100_m0.1_1.avi,Fleece_wind1_b10_m0.7_1.avi,8
165,Sweater_wind2_b10_m1.7_1.avi,Bro_wind1_b10_m1_1.avi,Cotton_wind3_b0.1_m0.5_1.avi,6
166,Sweater_wind2_b0.01_m1_1.avi,Fleece_wind3_b0.01_m1.3_1.avi,Fleece_wind2_b1_m1.3_1.avi,7
167,FeltGreen_wind3_b1_m1.7_1.avi,FeltGreen_wind1_b1_m0.7_1.avi,Cotton_wind3_b0.1_m0.7_1.avi,5
168,Bro_wind3_b1_m0.5_1.avi,Cotton_wind1_b1_m1.7_1.avi,Sweater_wind1_b0.1_m1.3_1.avi,9
169,Silk_wind3_b1_m1_1.avi,Sweater_wind1_b1_m0.5_1.avi,Fleece_wind3_b0.01_m0.1_1.avi,6
170,Fleece_wind1_b1_m1_1.avi,FeltGreen_wind2_b1_m1_1.avi,FeltGreen_wind1_b0.1_m1_1.avi,7
171,Silk_wind3_b10_m0.5_1.avi,Cotton_wind3_b10_m0.7_1.avi,Cotton_wind2_b0.001_m0.3_1.avi,5
172,Silk_wind2_b100_m1.3_1.avi,Fleece_wind1_b100_m0.5_1.avi,Silk_wind2_b10_m1.7_1.avi,8
173,Cotton_wind3_b1_m1.7_1.avi,Silk_wind1_b1_m0.7_1.avi,FeltGreen_wind2_b100_m1.7_1.avi,8
174,Cotton_wind3_b0.001_m1.3_1.avi,Sweater_wind1_b0.001_m0.5_1.avi,Sha_wind2_b0.1_m0.3_1.avi,7
175,Cotton_wind3_b1_m1.7_1.avi,Sha_wind2_b1_m1_1.avi,Bro_wind2_b100_m0.3_1.avi,8
176,Silk_wind1_b0.01_m0.5_1.avi,Bro_wind2_b0.01_m0.1_1.avi,Cotton_wind2_b100_m0.1_1.avi,5
177,Silk_wind1_b0.1_m0.5_1.avi,Sweater_wind1_b0.1_m0.5_1.avi,Silk_wind2_b0.001_m0.3_1.avi,4
178,Bro_wind3_b0.1_m1.7_1.avi,Fleece_wind2_b0.1_m0.5_1.avi,FeltGreen_wind1_b1_m1_1.avi,4
179,Cotton_wind3_b0.1_m1.7_1.avi,Silk_wind2_b0.1_m0.7_1.avi,Sweater_wind1_b0.01_m0.5_1.avi,7
180,Bro_wind1_b0.1_m0.7_1.avi,FeltGreen_wind1_b0.1_m1_1.avi,Sha_wind3_b10_m0.7_1.avi,7
181,Fleece_wind1_b0.001_m0.5_1.avi,Bro_wind3_b0.001_m1_1.avi,Fleece_wind2_b0.1_m0.7_1.avi,8
182,Sha_wind3_b1_m1.7_1.avi,FeltGreen_wind2_b1_m1_1.avi,Fleece_wind3_b10_m0.3_1.avi,3
183,Sha_wind2_b0.001_m0.3_1.avi,Silk_wind2_b0.001_m1.3_1.avi,Sha_wind2_b1_m0.3_1.avi,6
184,Sha_wind2_b1_m1.3_1.avi,FeltGreen_wind2_b1_m1.7_1.avi,Bro_wind1_b0.01_m0.1_1.avi,5
185,Cotton_wind1_b0.001_m1.7_1.avi,Sweater_wind3_b0.001_m0.5_1.avi,Bro_wind1_b10_m0.1_1.avi,5
186,Cotton_wind2_b10_m1_1.avi,Sha_wind2_b10_m0.7_1.avi,Sweater_wind3_b0.01_m0.1_1.avi,2
187,Sha_wind3_b1_m0.3_1.avi,Silk_wind3_b1_m0.7_1.avi,Fleece_wind3_b0.1_m1.3_1.avi,6
188,Silk_wind3_b0.01_m0.7_1.avi,Silk_wind2_b0.01_m1.3_1.avi,Silk_wind1_b0.1_m1_1.avi,3
189,Cotton_wind1_b0.1_m0.5_1.avi,FeltGreen_wind3_b0.1_m1.7_1.avi,Cotton_wind2_b0.01_m0.5_1.avi,8
190,Fleece_wind1_b10_m0.1_1.avi,Silk_wind3_b10_m0.7_1.avi,Sweater_wind3_b0.01_m1.3_1.avi,4
191,Sha_wind1_b100_m1.7_1.avi,Fleece_wind3_b100_m0.3_1.avi,Silk_wind3_b0.01_m0.1_1.avi,6
192,Cotton_wind3_b10_m0.3_1.avi,Bro_wind3_b10_m0.1_1.avi,Sweater_wind2_b0.1_m1.3_1.avi,5
193,Fleece_wind3_b1_m1_1.avi,Fleece_wind1_b1_m0.1_1.avi,Sha_wind2_b0.001_m1.7_1.avi,3
194,Silk_wind3_b0.001_m1.7_1.avi,Sha_wind2_b0.001_m0.7_1.avi,Silk_wind2_b0.01_m1.3_1.avi,5
195,Cotton_wind2_b1_m1.3_1.avi,Sweater_wind3_b1_m1.7_1.avi,Sha_wind1_b10_m0.1_1.avi,3
196,Fleece_wind2_b0.1_m0.5_1.avi,Sha_wind3_b0.1_m0.3_1.avi,Cotton_wind2_b1_m1_1.avi,3
197,Sha_wind2_b0.001_m0.5_1.avi,Fleece_wind3_b0.001_m0.1_1.avi,Silk_wind3_b100_m0.7_1.avi,6
198,FeltGreen_wind2_b0.01_m0.1_1.avi,Sweater_wind3_b0.01_m0.1_1.avi,Sweater_wind2_b0.1_m1.7_1.avi,3
199,Sha_wind1_b0.001_m0.7_1.avi,Sweater_wind3_b0.001_m0.5_1.avi,Silk_wind2_b1_m0.7_1.avi,7
200,Cotton_wind2_b0.01_m1.3_1.avi,Sha_wind2_b0.01_m0.5_1.avi,Sha_wind1_b0.001_m1.7_1.avi,8
201,Sha_wind1_b0.01_m1.7_1.avi,Cotton_wind2_b0.01_m0.3_1.avi,Silk_wind3_b10_m0.1_1.avi,6
202,Bro_wind3_b0.1_m0.5_1.avi,Fleece_wind1_b0.1_m1.7_1.avi,Sweater_wind3_b1_m0.7_1.avi,4
203,Fleece_wind3_b0.1_m1.7_1.avi,Bro_wind1_b0.1_m0.1_1.avi,Sha_wind2_b10_m1.3_1.avi,8
204,Sha_wind2_b1_m0.7_1.avi,Bro_wind2_b1_m0.5_1.avi,Cotton_wind2_b0.001_m0.5_1.avi,1
205,Sha_wind3_b0.1_m0.7_1.avi,Silk_wind3_b0.1_m0.7_1.avi,Silk_wind2_b100_m0.7_1.avi,5
206,FeltGreen_wind1_b1_m0.7_1.avi,Bro_wind1_b1_m1.3_1.avi,Fleece_wind2_b100_m0.5_1.avi,7
207,Silk_wind2_b100_m1.3_1.avi,Sweater_wind2_b100_m1_1.avi,Silk_wind3_b0.1_m0.7_1.avi,2
208,Cotton_wind3_b10_m1_1.avi,FeltGreen_wind1_b10_m0.5_1.avi,Sha_wind3_b0.1_m0.3_1.avi,6
209,FeltGreen_wind1_b0.001_m1.7_1.avi,Sha_wind1_b0.001_m0.3_1.avi,FeltGreen_wind1_b0.1_m0.1_1.avi,6
210,Silk_wind2_b0.001_m1_1.avi,Sha_wind2_b0.001_m0.5_1.avi,Cotton_wind3_b1_m0.5_1.avi,4
211,FeltGreen_wind1_b100_m1_1.avi,Cotton_wind3_b100_m1.3_1.avi,Silk_wind2_b0.001_m1_1.avi,5
212,Bro_wind1_b0.01_m0.3_1.avi,Fleece_wind1_b0.01_m0.7_1.avi,Sweater_wind3_b0.1_m1.3_1.avi,2
213,Sha_wind3_b0.001_m0.1_1.avi,Bro_wind3_b0.001_m0.1_1.avi,Cotton_wind3_b100_m0.3_1.avi,2
214,Cotton_wind2_b1_m0.7_1.avi,FeltGreen_wind3_b1_m0.1_1.avi,Fleece_wind2_b10_m1_1.avi,4
215,Cotton_wind2_b0.01_m0.3_1.avi,Cotton_wind2_b0.01_m0.1_1.avi,Cotton_wind1_b0.001_m1_1.avi,5
216,Sha_wind2_b0.01_m1.3_1.avi,Cotton_wind1_b0.01_m1.3_1.avi,Cotton_wind3_b1_m1.7_1.avi,7
217,Fleece_wind3_b0.001_m0.5_1.avi,Cotton_wind2_b0.001_m0.7_1.avi,Fleece_wind1_b100_m1.7_1.avi,4
218,Bro_wind1_b0.1_m0.7_1.avi,FeltGreen_wind2_b0.1_m0.5_1.avi,Cotton_wind3_b10_m1.7_1.avi,7
219,FeltGreen_wind2_b0.1_m0.3_1.avi,Fleece_wind2_b0.1_m0.7_1.avi,Sha_wind3_b100_m0.5_1.avi,6
220,Silk_wind3_b0.1_m1_1.avi,Silk_wind1_b0.1_m0.3_1.avi,Silk_wind3_b10_m1.7_1.avi,6
221,Cotton_wind2_b1_m0.3_1.avi,Sha_wind3_b1_m0.1_1.avi,Sha_wind3_b0.001_m1.7_1.avi,5
222,Bro_wind2_b0.001_m1_1.avi,Bro_wind1_b0.001_m0.5_1.avi,Cotton_wind2_b0.1_m0.3_1.avi,6
223,Sweater_wind1_b0.001_m1.3_1.avi,Bro_wind3_b0.001_m1.7_1.avi,Sweater_wind1_b100_m0.7_1.avi,4
224,Sha_wind1_b100_m1_1.avi,Fleece_wind1_b100_m0.7_1.avi,Sha_wind1_b10_m0.1_1.avi,6
225,Bro_wind1_b10_m0.3_1.avi,Cotton_wind2_b10_m0.1_1.avi,Fleece_wind1_b0.001_m1.3_1.avi,5
226,Cotton_wind2_b0.1_m0.3_1.avi,Sha_wind3_b0.1_m1.3_1.avi,Sweater_wind3_b100_m1_1.avi,8
227,Bro_wind1_b1_m0.1_1.avi,Bro_wind1_b1_m0.7_1.avi,Cotton_wind1_b0.01_m1.3_1.avi,4
228,Fleece_wind2_b1_m0.3_1.avi,Sha_wind3_b1_m0.3_1.avi,Sweater_wind3_b100_m0.1_1.avi,7
229,Fleece_wind1_b1_m1.3_1.avi,Bro_wind1_b1_m1.3_1.avi,Fleece_wind1_b0.01_m1.7_1.avi,4
230,Silk_wind2_b0.01_m1.7_1.avi,Sha_wind1_b0.01_m0.3_1.avi,Sha_wind2_b100_m1.7_1.avi,7
231,Sweater_wind1_b0.01_m0.7_1.avi,Sha_wind3_b0.01_m0.1_1.avi,Sha_wind2_b1_m0.5_1.avi,9
232,Cotton_wind1_b0.001_m0.3_1.avi,Bro_wind3_b0.001_m0.5_1.avi,Bro_wind1_b0.1_m1.7_1.avi,8
233,FeltGreen_wind1_b0.001_m1.7_1.avi,Cotton_wind3_b0.001_m1_1.avi,Fleece_wind2_b10_m1.7_1.avi,6
234,Sha_wind3_b0.1_m0.1_1.avi,Bro_wind2_b0.1_m0.3_1.avi,Bro_wind2_b100_m0.3_1.avi,7
235,Silk_wind3_b0.01_m1.3_1.avi,Bro_wind2_b0.01_m0.1_1.avi,Sweater_wind3_b100_m0.5_1.avi,6
236,Cotton_wind2_b0.001_m0.5_1.avi,FeltGreen_wind1_b0.001_m1_1.avi,FeltGreen_wind1_b0.01_m0.7_1.avi,6
237,Sweater_wind3_b0.001_m1.7_1.avi,Silk_wind1_b0.001_m1.3_1.avi,Sweater_wind2_b1_m0.7_1.avi,6
238,Bro_wind3_b10_m1_1.avi,Sweater_wind1_b10_m0.1_1.avi,Sweater_wind1_b1_m1.7_1.avi,10
239,Silk_wind2_b100_m1.7_1.avi,Sweater_wind3_b100_m0.1_1.avi,Sweater_wind1_b0.1_m1.7_1.avi,5
240,Bro_wind2_b0.01_m0.5_1.avi,Bro_wind1_b0.01_m0.5_1.avi,Sha_wind1_b0.1_m0.5_1.avi,2
241,Fleece_wind1_b1_m0.1_1.avi,FeltGreen_wind2_b1_m1.7_1.avi,Sweater_wind2_b100_m1.3_1.avi,9
242,Bro_wind1_b0.1_m0.1_1.avi,FeltGreen_wind1_b0.1_m0.3_1.avi,Bro_wind3_b0.01_m0.1_1.avi,7
243,Cotton_wind2_b100_m1_1.avi,Sweater_wind1_b100_m0.3_1.avi,Sha_wind2_b0.01_m0.1_1.avi,5
244,Silk_wind1_b0.001_m1_1.avi,FeltGreen_wind2_b0.001_m0.3_1.avi,Sweater_wind1_b1_m1.3_1.avi,7
245,Cotton_wind3_b0.01_m1.7_1.avi,Bro_wind2_b0.01_m0.3_1.avi,Bro_wind2_b100_m1.3_1.avi,8
246,Sha_wind3_b0.001_m0.7_1.avi,FeltGreen_wind3_b0.001_m1.3_1.avi,Silk_wind2_b10_m0.5_1.avi,5
247,FeltGreen_wind1_b10_m1_1.avi,Bro_wind2_b10_m0.3_1.avi,Bro_wind2_b0.01_m1.3_1.avi,6
248,Cotton_wind2_b100_m0.5_1.avi,FeltGreen_wind2_b100_m0.3_1.avi,Fleece_wind3_b0.001_m0.3_1.avi,2
249,Sweater_wind2_b100_m0.7_1.avi,FeltGreen_wind2_b100_m1.7_1.avi,Silk_wind1_b0.001_m0.1_1.avi,4
250,Sweater_wind2_b0.1_m0.5_1.avi,Bro_wind3_b0.1_m1.3_1.avi,Sha_wind1_b10_m0.3_1.avi,8
251,Cotton_wind1_b1_m1.7_1.avi,Cotton_wind1_b1_m0.3_1.avi,Fleece_wind2_b0.001_m1.7_1.avi,2
252,Cotton_wind2_b1_m0.5_1.avi,Fleece_wind1_b1_m0.3_1.avi,Sha_wind2_b0.1_m1.7_1.avi,7
253,FeltGreen_wind2_b0.1_m0.3_1.avi,FeltGreen_wind1_b0.1_m1.3_1.avi,Fleece_wind2_b10_m0.7_1.avi,7
254,Cotton_wind3_b0.01_m1.7_1.avi,FeltGreen_wind2_b0.01_m0.7_1.avi,FeltGreen_wind2_b0.1_m1.3_1.avi,6
255,Fleece_wind1_b0.01_m0.5_1.avi,Bro_wind1_b0.01_m1_1.avi,Bro_wind3_b0.001_m0.7_1.avi,8
256,Silk_wind1_b0.001_m0.5_1.avi,Cotton_wind3_b0.001_m1.7_1.avi,Bro_wind3_b0.1_m0.5_1.avi,9
257,Sha_wind1_b1_m0.1_1.avi,Sweater_wind3_b1_m1.7_1.avi,Sha_wind3_b0.1_m1_1.avi,9
258,Fleece_wind3_b100_m0.3_1.avi,Sha_wind1_b100_m0.3_1.avi,Fleece_wind3_b0.01_m0.5_1.avi,4
259,Sha_wind3_b0.01_m1_1.avi,Sweater_wind1_b0.01_m0.3_1.avi,Sweater_wind3_b0.001_m1.3_1.avi,9
260,FeltGreen_wind3_b0.001_m1_1.avi,Sha_wind3_b0.001_m1.7_1.avi,Silk_wind1_b0.1_m1.3_1.avi,7
261,Bro_wind2_b100_m0.1_1.avi,Fleece_wind2_b100_m0.7_1.avi,Sha_wind3_b10_m0.7_1.avi,5
262,Bro_wind1_b10_m0.1_1.avi,Sweater_wind1_b10_m0.1_1.avi,Sha_wind1_b1_m1.3_1.avi,5
263,FeltGreen_wind1_b0.001_m0.3_1.avi,Silk_wind3_b0.001_m1.3_1.avi,FeltGreen_wind2_b0.1_m1.7_1.avi,7
264,FeltGreen_wind1_b1_m0.7_1.avi,Sweater_wind2_b1_m0.1_1.avi,Cotton_wind1_b0.001_m0.7_1.avi,4
265,Sha_wind2_b0.1_m1.3_1.avi,Cotton_wind3_b0.1_m1.7_1.avi,Cotton_wind1_b0.001_m1.3_1.avi,8
266,Sweater_wind2_b0.1_m0.7_1.avi,Bro_wind2_b0.1_m1.3_1.avi,Sha_wind2_b0.01_m0.3_1.avi,7
267,FeltGreen_wind2_b1_m0.7_1.avi,FeltGreen_wind1_b1_m0.7_1.avi,Fleece_wind1_b0.1_m0.7_1.avi,6
268,Sha_wind1_b10_m1_1.avi,FeltGreen_wind1_b10_m0.5_1.avi,Sha_wind2_b0.1_m1.3_1.avi,6
269,Fleece_wind2_b1_m0.3_1.avi,Cotton_wind3_b1_m1_1.avi,Silk_wind1_b0.01_m1_1.avi,5
270,Silk_wind2_b1_m0.7_1.avi,Fleece_wind1_b1_m1_1.avi,Cotton_wind3_b100_m1_1.avi,6
271,Sweater_wind2_b10_m0.1_1.avi,Sweater_wind2_b10_m0.1_1.avi,Silk_wind2_b0.01_m1_1.avi,0
272,Bro_wind3_b1_m0.3_1.avi,Sweater_wind1_b1_m0.7_1.avi,Sha_wind2_b0.1_m1.3_1.avi,7
273,Silk_wind3_b0.1_m0.7_1.avi,Fleece_wind3_b0.1_m0.7_1.avi,Sha_wind1_b0.001_m0.7_1.avi,4
274,Bro_wind2_b1_m1.7_1.avi,Silk_wind1_b1_m0.3_1.avi,Fleece_wind2_b10_m1_1.avi,4
275,Sha_wind2_b100_m0.1_1.avi,Cotton_wind3_b100_m1.3_1.avi,Sha_wind2_b1_m0.3_1.avi,7
276,Cotton_wind1_b10_m0.1_1.avi,Fleece_wind1_b10_m0.1_1.avi,Sweater_wind3_b100_m0.5_1.avi,1
277,Fleece_wind1_b0.01_m0.7_1.avi,Silk_wind1_b0.01_m1.7_1.avi,Sha_wind1_b10_m0.7_1.avi,6
278,Silk_wind1_b0.01_m1.3_1.avi,Cotton_wind3_b0.01_m0.5_1.avi,FeltGreen_wind3_b100_m0.3_1.avi,6
279,Silk_wind2_b0.01_m0.1_1.avi,Bro_wind1_b0.01_m0.1_1.avi,FeltGreen_wind1_b100_m0.5_1.avi,5
280,Fleece_wind1_b0.01_m0.5_1.avi,Cotton_wind2_b0.01_m0.7_1.avi,Fleece_wind2_b10_m0.7_1.avi,6
281,Fleece_wind1_b0.01_m0.3_1.avi,Fleece_wind3_b0.01_m0.5_1.avi,FeltGreen_wind3_b100_m0.3_1.avi,6
282,Fleece_wind3_b0.01_m0.1_1.avi,Silk_wind1_b0.01_m1_1.avi,Sweater_wind3_b100_m0.7_1.avi,6
283,Bro_wind3_b0.001_m0.1_1.avi,Sweater_wind2_b0.001_m0.5_1.avi,Silk_wind2_b100_m0.1_1.avi,6
284,Cotton_wind2_b1_m0.5_1.avi,Cotton_wind2_b1_m1_1.avi,Sha_wind1_b0.001_m0.7_1.avi,2
285,FeltGreen_wind1_b0.001_m0.7_1.avi,Fleece_wind2_b0.001_m0.7_1.avi,FeltGreen_wind1_b100_m1.3_1.avi,3
286,Sweater_wind3_b0.01_m1.7_1.avi,Cotton_wind3_b0.01_m0.5_1.avi,FeltGreen_wind2_b0.001_m0.7_1.avi,7
287,Sha_wind3_b0.1_m0.1_1.avi,Fleece_wind3_b0.1_m0.1_1.avi,FeltGreen_wind3_b1_m0.7_1.avi,1
288,Sha_wind1_b0.001_m0.5_1.avi,Fleece_wind3_b0.001_m1.3_1.avi,Cotton_wind1_b0.1_m1_1.avi,8
289,Fleece_wind1_b10_m1_1.avi,Sweater_wind1_b10_m1.3_1.avi,Bro_wind1_b0.1_m1.7_1.avi,5
290,Sweater_wind3_b10_m0.7_1.avi,FeltGreen_wind1_b10_m1.3_1.avi,Bro_wind1_b0.01_m1_1.avi,5
291,Cotton_wind3_b0.1_m0.5_1.avi,Bro_wind1_b0.1_m1.3_1.avi,Bro_wind3_b100_m1_1.avi,8
292,Sha_wind3_b0.001_m0.5_1.avi,Fleece_wind1_b0.001_m0.1_1.avi,Silk_wind1_b1_m0.7_1.avi,8
293,Silk_wind3_b0.001_m0.3_1.avi,Cotton_wind2_b0.001_m0.3_1.avi,Sweater_wind2_b10_m0.3_1.avi,5
294,Fleece_wind2_b0.01_m1_1.avi,Fleece_wind3_b0.01_m1.3_1.avi,Sha_wind1_b1_m0.7_1.avi,6
295,FeltGreen_wind2_b0.001_m1_1.avi,FeltGreen_wind2_b0.001_m0.5_1.avi,Sha_wind2_b100_m1.7_1.avi,2
296,Sweater_wind2_b1_m0.1_1.avi,FeltGreen_wind3_b1_m0.5_1.avi,Fleece_wind1_b0.01_m0.1_1.avi,7
297,Silk_wind1_b1_m0.5_1.avi,Fleece_wind2_b1_m0.1_1.avi,Sha_wind2_b0.01_m1_1.avi,7
298,FeltGreen_wind2_b1_m0.1_1.avi,Cotton_wind3_b1_m1_1.avi,Bro_wind2_b100_m0.3_1.avi,8
299,Silk_wind3_b100_m1_1.avi,Fleece_wind3_b100_m0.3_1.avi,FeltGreen_wind1_b0.01_m1.7_1.avi,4
300,FeltGreen_wind1_b0.01_m1.7_1.avi,Bro_wind1_b0.01_m1.7_1.avi,Sweater_wind3_b100_m1.7_1.avi,3
301,Silk_wind2_b10_m0.3_1.avi,Cotton_wind3_b10_m0.7_1.avi,Sha_wind1_b0.1_m0.5_1.avi,7
302,Sha_wind3_b100_m1.7_1.avi,Cotton_wind1_b100_m1.3_1.avi,Sha_wind1_b0.001_m0.3_1.avi,5
303,Cotton_wind1_b0.001_m0.5_1.avi,Sweater_wind2_b0.001_m0.3_1.avi,FeltGreen_wind2_b100_m0.3_1.avi,4
304,Silk_wind2_b0.01_m1.3_1.avi,Sha_wind2_b0.01_m0.1_1.avi,FeltGreen_wind3_b0.001_m0.5_1.avi,7
305,Fleece_wind3_b0.01_m0.3_1.avi,Fleece_wind1_b0.01_m1.7_1.avi,Silk_wind2_b10_m1.3_1.avi,6
306,Sha_wind2_b0.01_m0.3_1.avi,Fleece_wind3_b0.01_m0.5_1.avi,Silk_wind1_b100_m1.3_1.avi,5
307,Silk_wind2_b1_m1.3_1.avi,Fleece_wind1_b1_m0.3_1.avi,Cotton_wind2_b0.1_m1_1.avi,8
308,Sha_wind2_b1_m1.7_1.avi,Cotton_wind1_b1_m1.7_1.avi,Silk_wind2_b0.01_m1.7_1.avi,5
309,Fleece_wind3_b1_m0.7_1.avi,Bro_wind1_b1_m1.7_1.avi,Sweater_wind1_b100_m0.7_1.avi,9
310,Bro_wind1_b0.01_m1_1.avi,Silk_wind3_b0.01_m1.7_1.avi,Bro_wind1_b100_m0.7_1.avi,6
311,Sha_wind2_b0.01_m0.1_1.avi,Bro_wind2_b0.01_m0.7_1.avi,Silk_wind2_b0.001_m1.3_1.avi,6
312,Sweater_wind1_b1_m1.7_1.avi,Sha_wind2_b1_m0.7_1.avi,Sha_wind1_b100_m0.5_1.avi,8
313,Sha_wind1_b10_m1.3_1.avi,Fleece_wind2_b10_m1_1.avi,Cotton_wind2_b0.01_m1.7_1.avi,4
314,Silk_wind1_b10_m1.3_1.avi,Silk_wind3_b10_m1.3_1.avi,Sweater_wind1_b0.001_m1.7_1.avi,3
315,Sha_wind1_b0.01_m0.1_1.avi,Bro_wind1_b0.01_m1.7_1.avi,Cotton_wind3_b100_m0.7_1.avi,5
316,Sweater_wind1_b0.1_m0.7_1.avi,Sha_wind2_b0.1_m0.7_1.avi,FeltGreen_wind3_b100_m1.3_1.avi,5
317,FeltGreen_wind2_b0.1_m0.7_1.avi,Sha_wind2_b0.1_m1.3_1.avi,FeltGreen_wind2_b10_m0.3_1.avi,7
318,Sweater_wind2_b0.01_m0.5_1.avi,Silk_wind1_b0.01_m0.1_1.avi,Cotton_wind2_b10_m0.1_1.avi,5
319,Bro_wind2_b1_m1.7_1.avi,Sweater_wind1_b1_m1.3_1.avi,Fleece_wind3_b0.01_m1.7_1.avi,7
320,Bro_wind2_b0.1_m0.3_1.avi,Silk_wind3_b0.1_m0.1_1.avi,Bro_wind3_b10_m0.3_1.avi,9
321,Sweater_wind3_b0.001_m1.7_1.avi,Silk_wind2_b0.001_m0.7_1.avi,Bro_wind1_b1_m0.1_1.avi,6
322,Cotton_wind1_b100_m0.1_1.avi,Silk_wind1_b100_m0.5_1.avi,Bro_wind1_b10_m1_1.avi,6
323,Sha_wind2_b0.001_m1_1.avi,Sweater_wind2_b0.001_m1.3_1.avi,Fleece_wind2_b0.1_m0.7_1.avi,6
324,Sha_wind1_b0.1_m1.3_1.avi,Fleece_wind1_b0.1_m0.3_1.avi,Fleece_wind1_b100_m0.3_1.avi,5
325,Sha_wind2_b1_m0.5_1.avi,Fleece_wind3_b1_m1.3_1.avi,Silk_wind2_b0.001_m1.7_1.avi,3
326,Sweater_wind1_b0.01_m0.3_1.avi,Sha_wind2_b0.01_m0.7_1.avi,Bro_wind1_b10_m1.7_1.avi,6
327,Sweater_wind3_b10_m1.7_1.avi,FeltGreen_wind1_b10_m1.3_1.avi,Silk_wind2_b0.1_m1.7_1.avi,7
328,FeltGreen_wind1_b100_m0.3_1.avi,Sha_wind3_b100_m1_1.avi,Fleece_wind3_b0.001_m0.1_1.avi,6
329,Sha_wind1_b0.01_m0.5_1.avi,Cotton_wind3_b0.01_m0.5_1.avi,Sha_wind2_b0.1_m1.3_1.avi,2
330,Bro_wind2_b100_m1_1.avi,Sha_wind1_b100_m1.3_1.avi,Sweater_wind2_b1_m1.7_1.avi,6
331,Cotton_wind1_b10_m0.7_1.avi,Silk_wind3_b10_m0.1_1.avi,Fleece_wind3_b0.001_m1_1.avi,7
332,Sha_wind2_b0.1_m1_1.avi,Silk_wind3_b0.1_m1.3_1.avi,Bro_wind1_b0.001_m0.3_1.avi,6
333,FeltGreen_wind1_b100_m0.1_1.avi,FeltGreen_wind3_b100_m1_1.avi,Silk_wind3_b0.1_m1.7_1.avi,3
334,Cotton_wind2_b100_m0.1_1.avi,FeltGreen_wind1_b100_m1.3_1.avi,Fleece_wind2_b1_m0.5_1.avi,7
335,Fleece_wind2_b0.01_m0.5_1.avi,Sha_wind1_b0.01_m1.3_1.avi,Sweater_wind2_b0.001_m1_1.avi,8
336,Sha_wind3_b0.01_m0.1_1.avi,FeltGreen_wind1_b0.01_m0.7_1.avi,Fleece_wind2_b0.1_m1.3_1.avi,3
337,Cotton_wind2_b0.1_m0.3_1.avi,Sha_wind3_b0.1_m1.7_1.avi,Sha_wind3_b10_m0.7_1.avi,10
338,Bro_wind3_b0.01_m0.1_1.avi,FeltGreen_wind1_b0.01_m1.7_1.avi,Silk_wind3_b10_m1_1.avi,7
339,Sweater_wind3_b0.001_m1.7_1.avi,Sweater_wind1_b0.001_m0.1_1.avi,Sweater_wind3_b0.01_m0.3_1.avi,3
340,Sweater_wind2_b0.001_m1.3_1.avi,Bro_wind2_b0.001_m1.3_1.avi,FeltGreen_wind3_b1_m0.5_1.avi,4
341,FeltGreen_wind1_b0.1_m1.3_1.avi,Sha_wind1_b0.1_m1.7_1.avi,FeltGreen_wind1_b10_m0.7_1.avi,6
342,Bro_wind2_b10_m0.1_1.avi,Sweater_wind2_b10_m0.7_1.avi,Sweater_wind1_b0.1_m1.7_1.avi,6
343,FeltGreen_wind3_b1_m1.7_1.avi,Fleece_wind2_b1_m1.3_1.avi,Sha_wind1_b100_m0.5_1.avi,7
344,Bro_wind1_b100_m0.3_1.avi,Sweater_wind2_b100_m1.3_1.avi,Bro_wind1_b10_m0.5_1.avi,8
345,FeltGreen_wind1_b1_m1_1.avi,Fleece_wind2_b1_m1.3_1.avi,Silk_wind2_b0.001_m1_1.avi,5
346,Silk_wind3_b0.01_m0.3_1.avi,Bro_wind3_b0.01_m1_1.avi,Bro_wind3_b0.1_m1.7_1.avi,3
347,FeltGreen_wind3_b100_m1.7_1.avi,Bro_wind1_b100_m0.1_1.avi,Sweater_wind2_b0.1_m0.1_1.avi,2
348,Sweater_wind2_b0.001_m0.3_1.avi,Bro_wind1_b0.001_m1.3_1.avi,Sha_wind1_b100_m0.5_1.avi,6
349,Cotton_wind1_b0.1_m1_1.avi,Cotton_wind3_b0.1_m0.5_1.avi,Fleece_wind1_b0.001_m1_1.avi,6
350,Cotton_wind2_b1_m0.1_1.avi,Fleece_wind1_b1_m1.7_1.avi,Sweater_wind2_b0.1_m1_1.avi,8
351,Bro_wind3_b0.001_m0.7_1.avi,Cotton_wind1_b0.001_m0.5_1.avi,Sha_wind2_b100_m0.7_1.avi,5
352,Fleece_wind2_b0.001_m0.7_1.avi,Fleece_wind2_b0.001_m0.7_1.avi,Sha_wind1_b10_m0.1_1.avi,2
353,Silk_wind1_b0.01_m0.7_1.avi,Fleece_wind1_b0.01_m1.3_1.avi,FeltGreen_wind3_b0.001_m0.7_1.avi,7
354,Sweater_wind1_b0.1_m0.5_1.avi,Sha_wind1_b0.1_m0.5_1.avi,Bro_wind1_b10_m0.7_1.avi,5
355,Sweater_wind3_b100_m1.3_1.avi,Fleece_wind2_b100_m1_1.avi,Bro_wind3_b0.1_m0.5_1.avi,3
356,Silk_wind2_b100_m1_1.avi,Cotton_wind3_b100_m1.3_1.avi,Silk_wind3_b0.1_m1.7_1.avi,4
357,Fleece_wind3_b100_m0.3_1.avi,Sha_wind2_b100_m0.7_1.avi,Sha_wind1_b0.01_m1.3_1.avi,6
358,Fleece_wind3_b10_m0.7_1.avi,Sha_wind3_b10_m1_1.avi,Sha_wind2_b0.01_m0.5_1.avi,4
359,Silk_wind2_b0.01_m0.5_1.avi,Cotton_wind1_b0.01_m0.7_1.avi,Bro_wind1_b10_m1.3_1.avi,7
360,Fleece_wind1_b0.01_m1.3_1.avi,FeltGreen_wind1_b0.01_m0.7_1.avi,Silk_wind1_b0.001_m0.7_1.avi,5
361,Sweater_wind3_b0.1_m1_1.avi,Cotton_wind3_b0.1_m0.5_1.avi,Bro_wind2_b1_m1.7_1.avi,2
362,FeltGreen_wind3_b10_m0.7_1.avi,Cotton_wind1_b10_m0.3_1.avi,Fleece_wind3_b1_m1.7_1.avi,7
363,Cotton_wind2_b0.1_m0.5_1.avi,Sweater_wind1_b0.1_m0.1_1.avi,FeltGreen_wind1_b0.01_m0.7_1.avi,9
364,FeltGreen_wind2_b0.1_m0.7_1.avi,Silk_wind1_b0.1_m1.3_1.avi,Cotton_wind1_b10_m0.5_1.avi,9
365,Silk_wind1_b0.1_m0.1_1.avi,Sweater_wind1_b0.1_m1.7_1.avi,Bro_wind2_b1_m0.5_1.avi,3
366,Fleece_wind2_b0.1_m0.5_1.avi,Sha_wind3_b0.1_m1_1.avi,Cotton_wind2_b0.01_m1.3_1.avi,7
367,Cotton_wind1_b10_m0.5_1.avi,Sha_wind1_b10_m0.7_1.avi,Cotton_wind1_b0.1_m0.3_1.avi,5
368,Bro_wind3_b0.001_m1.7_1.avi,Cotton_wind1_b0.001_m1_1.avi,Cotton_wind3_b10_m0.7_1.avi,6
369,Cotton_wind1_b10_m0.1_1.avi,Sweater_wind2_b10_m1_1.avi,Sweater_wind2_b0.01_m0.5_1.avi,6
370,FeltGreen_wind1_b100_m1.3_1.avi,Bro_wind1_b100_m0.1_1.avi,Silk_wind1_b0.1_m1.3_1.avi,3
371,Sweater_wind3_b10_m0.7_1.avi,Bro_wind3_b10_m1.7_1.avi,Sha_wind1_b1_m0.3_1.avi,7
372,Sha_wind2_b0.01_m0.1_1.avi,FeltGreen_wind2_b0.01_m0.3_1.avi,Sha_wind1_b10_m1.7_1.avi,5
373,Sha_wind1_b0.01_m0.3_1.avi,Cotton_wind1_b0.01_m1_1.avi,Bro_wind2_b100_m1_1.avi,3
374,Sweater_wind3_b0.1_m1_1.avi,Silk_wind2_b0.1_m0.5_1.avi,FeltGreen_wind1_b10_m1_1.avi,8
375,Fleece_wind3_b10_m0.5_1.avi,Fleece_wind2_b10_m1.7_1.avi,Silk_wind1_b0.01_m0.1_1.avi,3
376,Fleece_wind3_b100_m1_1.avi,Silk_wind2_b100_m0.7_1.avi,Sha_wind3_b0.1_m0.3_1.avi,3
377,FeltGreen_wind1_b0.1_m1_1.avi,FeltGreen_wind3_b0.1_m0.1_1.avi,Bro_wind3_b0.01_m0.7_1.avi,8
378,FeltGreen_wind1_b1_m0.3_1.avi,Fleece_wind2_b1_m0.1_1.avi,Sha_wind2_b100_m0.1_1.avi,7
379,Bro_wind2_b1_m0.1_1.avi,Cotton_wind3_b1_m1_1.avi,Sweater_wind1_b10_m0.5_1.avi,4
380,FeltGreen_wind2_b1_m0.7_1.avi,Sha_wind2_b1_m0.7_1.avi,Silk_wind2_b0.01_m1.3_1.avi,4
381,Sweater_wind3_b1_m0.3_1.avi,Fleece_wind1_b1_m0.1_1.avi,Sha_wind3_b0.1_m1.7_1.avi,7
382,Fleece_wind1_b1_m1.7_1.avi,Fleece_wind3_b1_m1.3_1.avi,Silk_wind3_b0.001_m1.7_1.avi,4
383,FeltGreen_wind2_b100_m1_1.avi,Bro_wind3_b100_m1.7_1.avi,Sha_wind3_b1_m1.7_1.avi,6
384,Sweater_wind2_b0.1_m0.1_1.avi,Cotton_wind1_b0.1_m1_1.avi,Silk_wind3_b1_m0.3_1.avi,4
385,Fleece_wind2_b100_m0.7_1.avi,Cotton_wind1_b100_m0.3_1.avi,Cotton_wind2_b0.01_m0.3_1.avi,5
386,Silk_wind3_b0.1_m0.1_1.avi,Silk_wind2_b0.1_m0.3_1.avi,Cotton_wind2_b10_m1.7_1.avi,7
387,Bro_wind1_b100_m0.1_1.avi,Fleece_wind3_b100_m0.5_1.avi,Fleece_wind1_b10_m0.3_1.avi,9
388,Bro_wind3_b1_m0.1_1.avi,Cotton_wind3_b1_m0.7_1.avi,Sweater_wind3_b100_m0.7_1.avi,5
389,Cotton_wind2_b100_m1.3_1.avi,Sweater_wind2_b100_m1_1.avi,Silk_wind1_b10_m1_1.avi,5
390,FeltGreen_wind1_b0.001_m0.5_1.avi,Bro_wind3_b0.001_m1_1.avi,Fleece_wind2_b100_m0.1_1.avi,5
391,Cotton_wind3_b10_m0.5_1.avi,FeltGreen_wind1_b10_m0.7_1.avi,Cotton_wind2_b1_m1.3_1.avi,7
392,Sweater_wind1_b0.001_m0.3_1.avi,Sha_wind2_b0.001_m0.5_1.avi,Silk_wind1_b0.1_m0.3_1.avi,8
393,Silk_wind1_b0.001_m1_1.avi,Silk_wind2_b0.001_m0.5_1.avi,Fleece_wind2_b0.01_m1_1.avi,4
394,FeltGreen_wind2_b0.1_m0.1_1.avi,Cotton_wind3_b0.1_m1.7_1.avi,Sha_wind3_b10_m0.3_1.avi,9
395,Fleece_wind3_b1_m1.3_1.avi,Silk_wind1_b1_m0.3_1.avi,Silk_wind2_b0.1_m0.7_1.avi,9
396,Bro_wind2_b0.001_m0.1_1.avi,FeltGreen_wind3_b0.001_m0.1_1.avi,Sweater_wind2_b0.1_m1_1.avi,6
397,FeltGreen_wind3_b1_m1.3_1.avi,Sha_wind1_b1_m0.5_1.avi,Sha_wind1_b0.001_m0.3_1.avi,5
398,Cotton_wind1_b1_m1_1.avi,Fleece_wind2_b1_m1.3_1.avi,Sweater_wind3_b0.01_m1_1.avi,7
399,Cotton_wind2_b1_m1.7_1.avi,Sweater_wind3_b1_m0.7_1.avi,Cotton_wind3_b0.01_m0.7_1.avi,6
400,Sha_wind1_b10_m1_1.avi,Cotton_wind2_b10_m0.5_1.avi,Bro_wind3_b0.001_m0.3_1.avi,5
401,FeltGreen_wind3_b0.1_m1.7_1.avi,Fleece_wind1_b0.1_m1.7_1.avi,Sha_wind1_b0.001_m1_1.avi,6
402,FeltGreen_wind2_b1_m0.5_1.avi,FeltGreen_wind1_b1_m1.3_1.avi,FeltGreen_wind1_b100_m1.7_1.avi,7
403,Bro_wind3_b1_m0.3_1.avi,Silk_wind3_b1_m1_1.avi,Silk_wind3_b0.01_m1.7_1.avi,6
404,Silk_wind1_b10_m0.3_1.avi,Sweater_wind2_b10_m1.7_1.avi,Cotton_wind2_b0.001_m0.5_1.avi,7
405,Cotton_wind1_b100_m0.1_1.avi,FeltGreen_wind2_b100_m1.3_1.avi,FeltGreen_wind1_b10_m1.3_1.avi,7
406,Silk_wind1_b0.1_m0.1_1.avi,Bro_wind1_b0.1_m0.3_1.avi,Sweater_wind1_b0.001_m1.7_1.avi,5
407,Fleece_wind2_b0.001_m0.1_1.avi,Sha_wind3_b0.001_m0.5_1.avi,Silk_wind2_b10_m0.3_1.avi,6
408,Silk_wind2_b0.1_m1.3_1.avi,Silk_wind3_b0.1_m0.1_1.avi,Silk_wind1_b10_m0.7_1.avi,7
409,Sha_wind1_b0.01_m0.5_1.avi,Cotton_wind2_b0.01_m0.7_1.avi,Sha_wind2_b0.001_m0.3_1.avi,8
410,Fleece_wind3_b0.01_m1_1.avi,Cotton_wind1_b0.01_m0.7_1.avi,Bro_wind3_b0.001_m0.7_1.avi,6
411,Silk_wind1_b10_m1.7_1.avi,Sweater_wind1_b10_m1.7_1.avi,Sweater_wind1_b0.01_m0.5_1.avi,2
412,FeltGreen_wind1_b0.1_m1.3_1.avi,Sweater_wind1_b0.1_m0.3_1.avi,FeltGreen_wind1_b0.001_m1.7_1.avi,6
413,Bro_wind1_b0.001_m0.5_1.avi,Sha_wind1_b0.001_m1_1.avi,Fleece_wind2_b0.01_m0.1_1.avi,3
414,Cotton_wind1_b0.1_m0.7_1.avi,Bro_wind2_b0.1_m1_1.avi,Fleece_wind2_b10_m1.7_1.avi,8
415,Sha_wind2_b100_m0.3_1.avi,Silk_wind3_b100_m1.3_1.avi,Fleece_wind1_b1_m1_1.avi,7
416,Cotton_wind1_b0.001_m1_1.avi,Cotton_wind3_b0.001_m1_1.avi,Sweater_wind2_b10_m0.5_1.avi,3
417,Silk_wind2_b10_m1.3_1.avi,Bro_wind3_b10_m1.3_1.avi,Fleece_wind2_b0.1_m1_1.avi,5
418,Silk_wind2_b0.1_m0.3_1.avi,Sweater_wind2_b0.1_m1_1.avi,Cotton_wind3_b1_m1_1.avi,1
419,Fleece_wind2_b10_m1.3_1.avi,Cotton_wind2_b10_m0.5_1.avi,Cotton_wind3_b0.01_m0.7_1.avi,4
420,Bro_wind2_b10_m0.7_1.avi,Sha_wind1_b10_m0.3_1.avi,Bro_wind3_b1_m1.3_1.avi,7
421,FeltGreen_wind1_b0.1_m1.3_1.avi,Silk_wind2_b0.1_m1.3_1.avi,Sha_wind2_b100_m1.3_1.avi,6
422,FeltGreen_wind1_b10_m0.3_1.avi,Fleece_wind2_b10_m0.1_1.avi,Bro_wind2_b100_m0.3_1.avi,5
423,FeltGreen_wind1_b0.1_m1_1.avi,Sweater_wind3_b0.1_m1.3_1.avi,Cotton_wind2_b100_m1_1.avi,7
424,FeltGreen_wind3_b0.01_m0.1_1.avi,Cotton_wind1_b0.01_m0.3_1.avi,Fleece_wind1_b0.001_m0.1_1.avi,9
425,Bro_wind3_b1_m0.5_1.avi,Sha_wind1_b1_m0.7_1.avi,Sha_wind1_b100_m1.7_1.avi,9
426,Fleece_wind2_b0.1_m1.7_1.avi,Silk_wind2_b0.1_m0.3_1.avi,Sweater_wind3_b0.01_m0.1_1.avi,6
427,Sha_wind2_b0.001_m1_1.avi,FeltGreen_wind3_b0.001_m0.1_1.avi,Silk_wind3_b100_m1.7_1.avi,6
428,Cotton_wind2_b0.1_m1.7_1.avi,Sweater_wind3_b0.1_m0.7_1.avi,FeltGreen_wind3_b10_m1_1.avi,9
429,Cotton_wind3_b0.001_m0.5_1.avi,FeltGreen_wind3_b0.001_m0.3_1.avi,Sha_wind2_b1_m0.1_1.avi,5
430,Silk_wind3_b1_m1.7_1.avi,Sha_wind2_b1_m1.7_1.avi,Sha_wind2_b0.01_m0.7_1.avi,7
431,Sweater_wind3_b1_m1_1.avi,Sweater_wind3_b1_m0.5_1.avi,FeltGreen_wind3_b0.001_m0.7_1.avi,2
432,Silk_wind3_b10_m1_1.avi,Sweater_wind3_b10_m0.5_1.avi,Silk_wind2_b0.001_m0.3_1.avi,4
433,Sha_wind1_b100_m0.3_1.avi,Bro_wind3_b100_m1.3_1.avi,Silk_wind3_b0.01_m1_1.avi,7
434,Bro_wind3_b0.01_m0.3_1.avi,Cotton_wind1_b0.01_m1.3_1.avi,Silk_wind2_b0.001_m1_1.avi,8
435,Silk_wind2_b0.01_m0.3_1.avi,Fleece_wind1_b0.01_m0.3_1.avi,Sha_wind1_b0.001_m1_1.avi,7
436,Silk_wind3_b0.001_m0.1_1.avi,Fleece_wind3_b0.001_m0.3_1.avi,Fleece_wind1_b100_m0.3_1.avi,3
437,FeltGreen_wind2_b0.001_m0.7_1.avi,Bro_wind1_b0.001_m1_1.avi,Sha_wind1_b1_m0.1_1.avi,7
438,Bro_wind3_b0.01_m1.7_1.avi,FeltGreen_wind2_b0.01_m0.3_1.avi,Bro_wind2_b0.1_m1.7_1.avi,5
439,Sweater_wind2_b10_m0.7_1.avi,Cotton_wind1_b10_m0.1_1.avi,Sha_wind3_b0.1_m0.7_1.avi,7
440,Cotton_wind2_b0.001_m0.7_1.avi,Bro_wind1_b0.001_m0.1_1.avi,Sweater_wind1_b10_m1_1.avi,7
441,Bro_wind3_b10_m0.5_1.avi,Silk_wind1_b10_m0.5_1.avi,Sweater_wind1_b0.01_m0.3_1.avi,3
442,Sweater_wind1_b10_m1_1.avi,Silk_wind2_b10_m0.3_1.avi,Sha_wind3_b0.001_m0.7_1.avi,6
443,Silk_wind1_b100_m1.3_1.avi,Bro_wind3_b100_m0.7_1.avi,Sha_wind2_b0.1_m0.7_1.avi,2
444,Sweater_wind2_b100_m1.7_1.avi,Sha_wind1_b100_m1.3_1.avi,FeltGreen_wind1_b1_m1.7_1.avi,8
445,Silk_wind2_b0.1_m1.3_1.avi,Fleece_wind2_b0.1_m1_1.avi,Fleece_wind3_b10_m1.7_1.avi,7
446,Fleece_wind2_b100_m0.3_1.avi,FeltGreen_wind2_b100_m0.7_1.avi,Fleece_wind3_b0.01_m0.5_1.avi,5
447,FeltGreen_wind1_b0.1_m0.3_1.avi,Bro_wind3_b0.1_m0.3_1.avi,Bro_wind3_b10_m0.7_1.avi,8
448,Sha_wind3_b10_m1.3_1.avi,Bro_wind1_b10_m0.7_1.avi,Sha_wind3_b0.1_m0.3_1.avi,6
449,Cotton_wind3_b10_m1.7_1.avi,Sha_wind1_b10_m1.3_1.avi,FeltGreen_wind2_b1_m1.3_1.avi,6
450,Cotton_wind2_b10_m0.1_1.avi,FeltGreen_wind1_b10_m1.7_1.avi,Bro_wind3_b0.1_m0.3_1.avi,7
451,Bro_wind1_b0.001_m0.1_1.avi,Fleece_wind1_b0.001_m0.5_1.avi,Fleece_wind3_b1_m1.7_1.avi,6
452,Sweater_wind1_b100_m0.3_1.avi,Fleece_wind3_b100_m1.7_1.avi,FeltGreen_wind1_b1_m0.3_1.avi,7
453,Sweater_wind3_b100_m1.3_1.avi,Sha_wind3_b100_m1.7_1.avi,Bro_wind1_b1_m1_1.avi,6
454,Silk_wind2_b0.01_m0.5_1.avi,Fleece_wind2_b0.01_m1.3_1.avi,Fleece_wind3_b100_m0.5_1.avi,6
455,Bro_wind2_b0.001_m0.1_1.avi,Cotton_wind3_b0.001_m1.7_1.avi,Bro_wind3_b100_m0.3_1.avi,6
456,Cotton_wind1_b100_m0.1_1.avi,Sweater_wind1_b100_m1.7_1.avi,Cotton_wind2_b10_m1.3_1.avi,7
457,FeltGreen_wind2_b0.01_m0.1_1.avi,Sweater_wind3_b0.01_m0.3_1.avi,Cotton_wind1_b0.001_m0.1_1.avi,8
458,Fleece_wind1_b0.001_m1.3_1.avi,Sha_wind2_b0.001_m1.7_1.avi,Sweater_wind1_b0.1_m0.3_1.avi,7
459,Fleece_wind2_b0.001_m1.3_1.avi,Sha_wind2_b0.001_m1.7_1.avi,Cotton_wind2_b1_m0.5_1.avi,5
460,FeltGreen_wind1_b0.1_m0.7_1.avi,Sha_wind3_b0.1_m0.3_1.avi,Sha_wind2_b1_m0.5_1.avi,5
461,Cotton_wind3_b0.1_m0.3_1.avi,Sweater_wind1_b0.1_m0.1_1.avi,Silk_wind3_b0.001_m0.3_1.avi,7
462,Cotton_wind3_b100_m0.5_1.avi,Sha_wind3_b100_m0.7_1.avi,Sweater_wind2_b0.1_m0.3_1.avi,2
463,Bro_wind1_b0.01_m0.7_1.avi,Silk_wind1_b0.01_m0.3_1.avi,FeltGreen_wind2_b0.001_m1_1.avi,7
464,Sha_wind1_b0.001_m0.7_1.avi,Bro_wind2_b0.001_m0.1_1.avi,Cotton_wind2_b0.1_m0.5_1.avi,9
465,Cotton_wind1_b100_m1.3_1.avi,Fleece_wind1_b100_m1.7_1.avi,Sweater_wind2_b0.001_m0.7_1.avi,3
466,FeltGreen_wind1_b100_m1.7_1.avi,Sha_wind2_b100_m0.5_1.avi,FeltGreen_wind1_b0.1_m1_1.avi,4
467,Sweater_wind3_b10_m1.3_1.avi,Cotton_wind3_b10_m0.5_1.avi,Silk_wind1_b100_m0.3_1.avi,2
468,Sweater_wind1_b0.001_m0.3_1.avi,Sweater_wind2_b0.001_m0.1_1.avi,Cotton_wind3_b10_m1.3_1.avi,4
469,Sha_wind2_b100_m1.3_1.avi,Sha_wind2_b100_m0.7_1.avi,Sha_wind3_b1_m1.7_1.avi,5
470,Fleece_wind3_b0.1_m0.7_1.avi,Bro_wind3_b0.1_m0.1_1.avi,Cotton_wind2_b1_m1.7_1.avi,2
471,Sha_wind3_b0.1_m1_1.avi,FeltGreen_wind3_b0.1_m1_1.avi,Bro_wind1_b100_m0.7_1.avi,4
472,Sweater_wind1_b0.1_m0.5_1.avi,Sha_wind3_b0.1_m0.5_1.avi,Sweater_wind1_b0.01_m1_1.avi,6
473,Fleece_wind3_b100_m0.3_1.avi,Sha_wind3_b100_m0.7_1.avi,Sha_wind3_b0.01_m0.5_1.avi,6
474,Cotton_wind1_b10_m0.7_1.avi,Bro_wind2_b10_m1_1.avi,Bro_wind2_b0.001_m1.7_1.avi,7
475,FeltGreen_wind3_b100_m0.5_1.avi,FeltGreen_wind2_b100_m0.1_1.avi,Sha_wind2_b0.01_m1.7_1.avi,5
476,Sweater_wind3_b100_m1.7_1.avi,Sha_wind2_b100_m1.3_1.avi,Sha_wind2_b0.001_m0.5_1.avi,6
477,Sweater_wind1_b0.001_m1.7_1.avi,Sha_wind3_b0.001_m0.7_1.avi,Sha_wind3_b10_m1_1.avi,8
478,Silk_wind1_b0.1_m1.3_1.avi,Silk_wind3_b0.1_m0.7_1.avi,Silk_wind1_b100_m1.3_1.avi,6
479,Sweater_wind1_b10_m1_1.avi,Bro_wind1_b10_m1_1.avi,Silk_wind3_b0.1_m0.3_1.avi,4
480,Cotton_wind1_b0.01_m0.1_1.avi,Bro_wind2_b0.01_m0.1_1.avi,Sweater_wind1_b0.1_m0.7_1.avi,2
481,Sweater_wind2_b0.1_m0.5_1.avi,Sweater_wind3_b0.1_m0.7_1.avi,Sha_wind1_b0.001_m0.3_1.avi,5
482,FeltGreen_wind1_b0.001_m0.1_1.avi,Silk_wind2_b0.001_m1.3_1.avi,Cotton_wind1_b1_m1.3_1.avi,5
483,Fleece_wind2_b0.01_m0.3_1.avi,Cotton_wind2_b0.01_m1.7_1.avi,Fleece_wind3_b10_m1.3_1.avi,6
484,Fleece_wind1_b100_m0.1_1.avi,Silk_wind1_b100_m0.5_1.avi,Silk_wind2_b10_m0.3_1.avi,8
485,Cotton_wind3_b100_m0.1_1.avi,Sha_wind1_b100_m0.5_1.avi,Silk_wind1_b0.1_m0.3_1.avi,5
486,Sweater_wind3_b1_m0.7_1.avi,Sweater_wind1_b1_m1.7_1.avi,Cotton_wind1_b10_m1.7_1.avi,2
487,Cotton_wind2_b1_m1.7_1.avi,Sha_wind3_b1_m0.3_1.avi,Silk_wind1_b0.01_m1.7_1.avi,7
488,Silk_wind3_b0.001_m0.1_1.avi,Sha_wind1_b0.001_m0.3_1.avi,Fleece_wind3_b0.01_m1_1.avi,3
489,Cotton_wind1_b0.1_m1_1.avi,Sweater_wind2_b0.1_m0.7_1.avi,Sha_wind1_b0.01_m0.7_1.avi,6
490,Sweater_wind2_b0.1_m1.3_1.avi,Sweater_wind2_b0.1_m0.1_1.avi,Bro_wind2_b10_m1.7_1.avi,6
491,Bro_wind1_b1_m0.3_1.avi,Fleece_wind2_b1_m0.5_1.avi,Cotton_wind3_b0.001_m0.5_1.avi,2
492,Sweater_wind3_b0.001_m0.3_1.avi,Sha_wind1_b0.001_m1.3_1.avi,Fleece_wind2_b0.1_m1_1.avi,8
493,Fleece_wind1_b10_m0.7_1.avi,FeltGreen_wind3_b10_m0.3_1.avi,Cotton_wind1_b0.001_m1.7_1.avi,5
494,Cotton_wind1_b100_m1_1.avi,Silk_wind2_b100_m0.7_1.avi,Silk_wind3_b0.001_m0.5_1.avi,5
495,Fleece_wind1_b0.01_m0.5_1.avi,FeltGreen_wind2_b0.01_m0.1_1.avi,Bro_wind2_b1_m1_1.avi,8
496,Silk_wind3_b10_m0.5_1.avi,FeltGreen_wind3_b10_m1.7_1.avi,Bro_wind3_b0.01_m0.7_1.avi,3
497,Cotton_wind1_b0.01_m1_1.avi,Sha_wind3_b0.01_m1_1.avi,Bro_wind3_b1_m1_1.avi,7
498,Silk_wind3_b100_m1.7_1.avi,Cotton_wind3_b100_m0.3_1.avi,Sweater_wind3_b1_m0.1_1.avi,5
499,Sha_wind3_b0.001_m0.7_1.avi,Sha_wind2_b0.001_m1_1.avi,Sha_wind2_b1_m0.7_1.avi,7
500,Cotton_wind3_b10_m0.1_1.avi,FeltGreen_wind1_b10_m0.5_1.avi,Bro_wind2_b100_m1.7_1.avi,3
